scorer,,,Lilli,Lilli,Lilli,Lilli,Lilli,Lilli,Lilli,Lilli
bodyparts,,,Nose,Nose,Neck,Neck,Butt,Butt,Tail,Tail
coords,,,x,y,x,y,x,y,x,y
labeled-data,077K1S1,img0505.png,777.4056217253982,256.87571837390897,,,,,,
labeled-data,077K1S1,img0545.png,,,,,789.864976357985,219.39082408051488,,
labeled-data,077K1S1,img0719.png,970.173095703125,157.34701538085938,925.0435791015625,163.28297424316406,788.490234375,219.92178344726562,,
labeled-data,077K1S1,img0858.png,1392.5636001021403,135.59465787318717,1371.2239739717702,160.8142160272609,,,1108.6377502660566,226.22926950637822
labeled-data,077K1S1,img0965.png,1399.7816162109375,124.76058959960938,1381.1346435546875,154.62123107910156,,,1104.7934903959401,191.04958911807788
labeled-data,077K1S1,img1543.png,784.34765625,497.0370178222656,779.3673095703125,467.9113464355469,779.9905395507812,315.9189453125,736.5637817382812,233.65184020996094
labeled-data,077K1S1,img1689.png,917.2103362653329,157.43356350416303,869.835861492074,164.62968625453146,782.8827115917886,273.171204405922,766.6914354034598,400.3027063290979
labeled-data,077K1S1,img1857.png,1793.9326221048336,248.89100347593313,1754.4333464004021,266.80346571398934,1602.8663582322345,229.14136562371735,1457.2701908100855,184.58985698034687
labeled-data,077K1S1,img1993.png,1323.1788330078125,176.65553283691406,1364.3929443359375,193.75222778320312,1486.471435546875,266.62432861328125,1582.454082411099,333.07751733319736
labeled-data,077K1S1,img2034.png,1086.5110515665112,268.5951672762534,1109.51750771435,225.97665014992938,1239.635989206224,190.1469233623119,1352.0281848136979,201.8387289456397
labeled-data,077K1S1,img2181.png,,,522.0575646827822,198.67515104390742,,,,
labeled-data,077K1S1,img2639.png,1103.6999556911073,118.22416747743517,1119.6697767735882,158.81412939540758,,,1402.4686917758547,200.06950052515
labeled-data,077K1S1,img2863.png,,,709.4951782226562,217.80233764648438,852.6790771484375,233.013427734375,949.1088675548656,169.51964314251637
labeled-data,077K1S1,img2966.png,470.7796269639797,482.01245650005603,462.3706639538959,450.47884521224194,481.2908307265844,318.03767780342247,508.08736688942685,175.8118070790477
labeled-data,077K1S1,img3021.png,,,553.5016864507181,686.0692749023438,497.16045344185994,551.8120760368132,457.92374917917266,421.36838401727556
labeled-data,077K1S1,img3353.png,1404.624119879992,246.04961765253267,1390.6101169665194,201.8093339452955,,,1105.3839400217232,193.56580281972336
labeled-data,077K1S1,img4031.png,1082.2398681640625,145.9342041015625,1037.6156005859375,138.47900390625,897.4785766601562,149.8730010986328,798.2074294907018,223.51537398051514
labeled-data,077K1S1,img4077.png,1344.216521841475,186.72427812749305,,,1151.4889602437645,188.60062434610776,1003.2576089732025,163.67202458451237
labeled-data,077K1S1,img4342.png,1601.125832278571,359.8326095527377,1632.8817138671875,376.1321716308594,1761.0810546875,318.525146484375,,
labeled-data,077K1S1,img4520.png,1374.175048828125,165.1233673095703,1413.7598876953125,165.0966796875,1570.0118408203125,179.74688720703125,1686.77780242152,246.50373837668576
labeled-data,077K1S1,img4820.png,302.3524654356016,207.99842920290007,325.57174477262976,185.6721990711422,460.4221747684474,172.27646099208746,,
labeled-data,077K1S1,img5058.png,,,,,535.5113525390625,231.314453125,453.55865478515625,324.6493835449219
labeled-data,077K1S1,img5070.png,716.6715698242188,217.7711944580078,667.1304931640625,219.23719787597656,536.45263671875,229.44998168945312,451.6098327636719,324.2860412597656
labeled-data,077K1S1,img5100.png,981.1812699616078,151.56685382025756,932.0162568841722,153.05670270139197,802.0269420051951,185.08845364578175,,
labeled-data,077K1S1,img5167.png,1462.8163170350185,352.6140318690086,1467.471487552989,309.55370457778474,1387.557726994501,197.82961214650103,,
labeled-data,077K1S1,img5316.png,1737.381334653335,635.7724919874083,1749.1929931640625,604.7339477539062,1767.618928319721,439.20368658611443,1700.5993604630348,303.69256027675016
labeled-data,077K1S1,img5568.png,1072.8017320049319,205.89988865496423,1114.2843017578125,198.40512084960938,,,,
labeled-data,077K1S1,img6072.png,1815.6883826062942,261.7590019256575,1761.3500292422202,284.2438378004467,1642.1803991058373,252.76506757574182,1496.869509181372,191.1787365076068
labeled-data,077K1S1,img6157.png,1701.0159411407194,493.963915187563,1728.3643798828125,454.9354248046875,1768.1451982687424,321.76659841226956,,
labeled-data,077K1S1,img6519.png,836.905241888683,178.98602889281926,875.0733297929661,173.53344490649312,1017.0883581640971,151.72310896118853,1155.6335603621114,181.71232088598234
labeled-data,077K1S1,img7098.png,496.4056396484375,182.13034057617188,470.9884948730469,188.78773498535156,377.7208557128906,206.08131408691406,390.3115699424652,316.8607071312672
labeled-data,077K1S1,img7343.png,1538.9856655997628,614.2124603338526,1501.9679480010245,620.8756495016255,1378.3287712212384,542.0279110163128,1378.6989483972259,419.1290885885014
labeled-data,077K1S1,img7552.png,,,,,1413.4917527628922,762.9279182883736,,
labeled-data,077K1S1,img7573.png,,,1203.2095947265625,795.527587890625,1352.3671890590072,783.3650548329763,1473.6895919762565,698.0389937665605
labeled-data,077K1S1,img7797.png,1119.3979494061962,147.11552585730118,1118.2997235713287,180.42837618161286,1103.6567124397634,318.07268081832916,1136.2374122074966,461.9402651859608
labeled-data,077K1S1,img8193.png,,,,,776.0528564453125,215.54129028320312,896.0093990795419,139.78862782425017
labeled-data,077K1S1,img8278.png,385.22237346535485,551.2182677739314,374.10106287565975,519.2893438228715,419.30380914345244,382.6048491559744,479.2153855460032,250.22537794315286
labeled-data,077K1S1,img8440.png,1594.2911376953125,206.21522521972656,1551.878173828125,194.37367248535156,1411.3643798828125,197.78506469726562,,
labeled-data,077K1S1,img8547.png,1514.9796783858537,833.7046713302321,1495.2598588305636,800.0839953671143,1425.4323010610112,663.338361401741,1400.2167940886732,531.1185876621721
labeled-data,2024-10-28 09-52-41,img00648.png,,,,,,,,
labeled-data,2024-10-28 09-52-41,img00949.png,1049.0977783203125,472.3568420410156,1064.1026611328125,446.7703857421875,1105.1246961406657,366.1984971108521,1063.8546422018067,272.9491664316769
labeled-data,2024-10-28 09-52-41,img04592.png,1083.4360276459893,483.9762728997936,1066.2159338296874,460.0594759327075,996.6180546554667,412.2258819985353,,
labeled-data,2024-10-28 09-52-41,img06248.png,629.4778853413013,177.0464723803521,645.3421862085137,197.16704908998733,685.7768067115308,289.25738095331786,,
labeled-data,2024-10-28 09-52-41,img06378.png,477.2144470214844,288.8958758309742,484.4541976340762,263.77814353340983,562.5514571555608,234.09991501275752,,
labeled-data,2024-10-28 09-52-41,img07917.png,489.3791809082031,214.3238525390625,501.21454369684096,220.4568972632615,565.1922217596241,221.89440238588372,,
labeled-data,2024-10-28 09-52-41,img10172.png,499.8721416871638,519.791971508485,519.386433251345,521.8801663073775,606.4850655629006,529.8983139268545,,
labeled-data,2024-10-28 09-52-41,img10441.png,334.74774665985274,506.5086456421029,309.39019775390625,512.1249389648438,277.4856191083718,505.9753865391158,229.57685743395297,436.88026526392457
labeled-data,2024-10-28 09-52-41,img11321.png,595.1571705269298,262.0050663024757,573.8613817858685,236.03794325692346,529.0715293369265,194.54550325821035,,
labeled-data,2024-10-28 09-52-41,img13254.png,932.786865234375,403.9425354003906,958.6282958984375,409.4699401855469,1038.703675815557,401.1208475511116,1075.709485388556,316.96856447560805
labeled-data,2024-10-28 09-52-41,img14898.png,245.53005981445312,451.75164794921875,261.6997375488281,468.5805358886719,333.115739963656,521.9116569624881,,
labeled-data,2024-10-28 09-52-41,img15516.png,,,,,186.32335325426487,456.8297638571751,238.65391436339496,368.84032482412454
labeled-data,2024-10-28 09-52-41,img15713.png,315.4110107421875,329.99725341796875,300.0548400878906,351.90291387107004,258.0133056640625,428.01470947265625,,
labeled-data,2024-10-28 09-52-41,img17110.png,530.7392117663534,624.7920971869962,530.9799030988884,592.2987672947704,516.0570404817179,534.5328474863688,,
labeled-data,2024-10-28 09-52-41,img17564.png,948.7807498093575,266.7173688755893,947.1553216333142,233.76550676125555,990.1552851995523,204.06450099900857,,
labeled-data,2024-10-28 09-52-41,img18349.png,557.7628784179688,574.4597778320312,536.9411010742188,560.9229125976562,506.4914855957031,491.537062005995,,
labeled-data,2024-10-28 09-52-41,img19925.png,,,121.88336944580078,591.8843994140625,192.74880167618528,534.0977975268896,295.6672795988987,502.9767386529329
labeled-data,2024-10-28 09-52-41,img20190.png,746.8582488639205,147.06483271127215,725.2996176105318,160.84821990606164,662.9209550494971,228.5281852343229,570.3248667152703,256.80179999286554
labeled-data,2024-10-28 09-52-41,img21018.png,150.8517608642578,185.69163513183594,143.81716918945312,208.65882873535156,141.671630859375,295.1427307128906,161.49607376566001,381.06406696532184
labeled-data,2024-10-28 09-52-41,img23144.png,467.8670349121094,161.47914123535156,488.8353576660156,166.10560607910156,568.0303955078125,206.4786376953125,,
labeled-data,2024-10-28 09-52-41,img23184.png,277.9842826401758,177.38548155213903,294.0252935996291,165.6220735152066,,,,
labeled-data,2024-10-28 09-52-41,img24836.png,,,171.10063469133735,234.66624276749332,191.94947839703957,320.34415925746,192.5522829377067,414.4001225288726
labeled-data,2024-10-28 09-52-41,img25769.png,873.2564004562839,162.29003780916943,860.5139487491087,156.96137618616888,,,,
labeled-data,2024-10-28 09-52-41,img26180.png,1065.2356444948396,455.55997997539515,1067.6318942801406,479.7403187179784,1050.8581457830333,552.7170167248739,,
labeled-data,2024-10-28 09-52-41,img26296.png,1075.6859973834398,367.85932271672647,1075.688119564325,390.32751660596824,1056.858717662865,465.2545868494813,,
labeled-data,2024-10-28 09-52-41,img30368.png,753.7123378506078,536.6209298369214,731.8758544921875,528.9472115925493,689.3956612648872,448.6834917365741,688.1029022372237,365.86080374071304
labeled-data,2024-10-28 09-52-41,img33666.png,,,,,,,245.7763981963892,450.0781587087671
labeled-data,2024-10-28 09-52-41,img34281.png,186.9457399094031,415.42588849821675,180.26731711298874,447.56579820596085,,,,
labeled-data,2024-10-28 09-52-41,img40123.png,996.5907390616923,475.08268021481456,1008.3542470263873,489.76240050687227,1061.2994546102636,550.3332447808884,1134.8777084646113,520.6627831332487
labeled-data,2024-10-28 09-52-41,img40489.png,,,1077.8122297221046,554.8094470205499,1050.6110624199205,485.10645580870323,1066.1006160225531,386.5022243382861
labeled-data,2024-10-28 09-52-41,img43474.png,297.34284049286384,107.78812032129227,278.2855710624022,125.3631576849402,283.367509577192,193.33408532025328,,
labeled-data,2024-10-28 09-52-41,img45024.png,1047.1666259765625,558.6250610351562,,,1066.3297119140625,478.4964904785156,1002.980328255774,411.1120789707885
labeled-data,2024-10-28 09-52-41,img45494.png,1048.892568198099,565.7858858018647,1051.0618369166425,546.8047845146103,1073.5679998715298,466.2706833386884,1032.351894219206,381.39804472567965
labeled-data,2024-10-28 09-52-41,img51125.png,,,577.0826887075269,524.2231541634333,,,527.7714327951335,486.9921657637144
labeled-data,2024-10-28 09-52-41,img53472.png,524.0248787512386,238.1998826303028,516.9666919705201,215.8489578246938,,,,
labeled-data,2024-10-28 09-52-41,img55353.png,722.7311401367188,590.681640625,714.6539916992188,575.485107421875,693.46630859375,493.4286193847656,,
labeled-data,2024-10-28 09-52-41,img56359.png,185.78005655230743,449.76824576768547,160.96904558396784,448.6836114084138,112.02492012183347,394.45189344483,165.03642443123664,300.766600662739
labeled-data,2024-10-28 09-52-41,img57923.png,,,,,682.375386888911,179.4540480858441,589.4375078501182,183.5368381902982
labeled-data,2024-10-28 09-52-41,img58619.png,,,,,,,,
labeled-data,2024-10-28 09-52-41,img58707.png,,,,,,,,
labeled-data,2024-10-28 11-23-35,img01294.png,1090.3168170120025,174.29649773799636,1076.7116632723182,184.41315051878738,,,,
labeled-data,2024-10-28 11-23-35,img04489.png,,,,,259.9198451527039,237.0346739349693,265.7086240364572,329.35046350219335
labeled-data,2024-10-28 11-23-35,img06348.png,645.0287451590385,559.0866234014688,669.2822053191007,555.5082440335908,,,,
labeled-data,2024-10-28 11-23-35,img10537.png,444.0402926303895,165.81118378116173,473.1304298841141,158.63309796530763,539.9999661686498,155.04405505738055,635.9596397069103,136.53214953228306
labeled-data,2024-10-28 11-23-35,img12822.png,319.35732361140094,238.1864885965498,298.7401306080542,228.59234927816073,238.72572721217364,259.82433471887407,244.44138467844795,370.8713940636326
labeled-data,2024-10-28 11-23-35,img15040.png,919.0500658917914,156.20720353867026,888.0465848806999,155.56129768427252,,,731.2529387256487,230.16342386721146
labeled-data,2024-10-28 11-23-35,img16453.png,,,313.3714497552401,403.15766847536383,294.76814245829394,295.99213770844835,265.68409865602587,201.9275275731851
labeled-data,2024-10-28 11-23-35,img20358.png,142.84693281677795,121.15087656203383,118.76256593463584,127.88414042155745,124.20097135963569,209.71919348345972,228.56656118225152,216.4524573429833
labeled-data,2024-10-28 11-23-35,img21737.png,562.2284391154391,141.13157809348328,538.8295855221625,140.741597200262,439.5794481973476,168.62523106558325,,
labeled-data,2024-10-28 11-23-35,img25233.png,294.94795030891896,419.8670396578324,287.10567828429737,442.20563269766365,278.3128278324489,535.1246739590894,,
labeled-data,2024-10-28 11-23-35,img26407.png,269.1554366472104,370.0152336667255,259.43028812250486,350.9701511391771,272.1945455611809,256.55516754516043,297.52045317760167,157.48021694972226
labeled-data,2024-10-28 11-23-35,img28824.png,154.82813299567152,152.73034107205888,126.90793842161077,149.9029795962046,,,,
labeled-data,2024-10-28 11-23-35,img31255.png,,,99.2914567017747,167.5990329057802,189.72589313177897,210.8092205472705,287.4800881240029,239.61601230826403
labeled-data,2024-10-28 11-23-35,img35480.png,86.98083006519104,542.5960985280634,110.86715977499424,535.728778736495,,,,
labeled-data,2024-10-28 11-23-35,img39344.png,572.8529970704462,231.14910057482814,562.5489706573653,206.4736689013975,528.6541469301255,130.2781051625623,,
labeled-data,2024-10-28 11-23-35,img43438.png,502.70544298915615,288.8138856048632,484.6774330897024,269.7127798780609,482.74586060047517,175.70958540233732,544.3415610902758,101.45135414982511
labeled-data,2024-10-28 11-23-35,img47699.png,103.81309092991023,581.9795681875627,,,154.3125698763373,492.37536451851776,,
labeled-data,2024-10-28 11-23-35,img54633.png,1070.7042163129568,297.68684842755306,1080.8711400682646,274.7571905964333,1069.8389462061223,167.8963324023469,974.875551981013,135.66502092275402
labeled-data,2024-10-28 11-23-35,img57223.png,,,,,,,,
labeled-data,2024-10-28 11-23-35,img57389.png,,,147.58195819156015,512.7868426006902,161.56033583296028,568.7003531662907,,
labeled-data,2024-11-04 09-23-16,img00457.png,,,,,,,,
labeled-data,2024-11-04 09-23-16,img00685.png,979.0356610341307,159.0326567860639,,,,,1150.2904336623421,175.12008233647566
labeled-data,2024-11-04 09-23-16,img01747.png,1004.8719941670437,82.36599710637202,1001.3301755079051,108.57545518399726,978.898657333361,199.9543765897718,,
labeled-data,2024-11-04 09-23-16,img03634.png,1052.75830078125,256.145263671875,1031.182373046875,273.0845031738281,989.3556518554688,362.14227294921875,1026.1652169002534,430.07820240236185
labeled-data,2024-11-04 09-23-16,img04125.png,894.445363956143,552.0430809937761,921.7684002874587,546.2908628187622,966.1683343258468,505.30630832178866,980.5488797633813,426.57282205128683
labeled-data,2024-11-04 09-23-16,img05762.png,186.84004137707433,420.5058161740259,210.08655868393635,445.45849988873107,282.17208941530674,494.72405491520016,352.551453738834,540.5772771259831
labeled-data,2024-11-04 09-23-16,img06709.png,499.7168884277344,476.1971740722656,509.3714599609375,499.62677001953125,559.6930541992188,549.5249633789062,,
labeled-data,2024-11-04 09-23-16,img08190.png,289.1898498535156,462.510986328125,303.6473083496094,430.3433837890625,350.5145568847656,353.4441833496094,,
labeled-data,2024-11-04 09-23-16,img09725.png,989.6582641601562,405.2940673828125,1019.2929077148438,405.44781494140625,1089.7623280227153,371.47951055466547,,
labeled-data,2024-11-04 09-23-16,img10014.png,698.2529652953039,241.93878710106205,686.9149670391521,217.91760435497764,669.4275460000026,153.92517351940882,,
labeled-data,2024-11-04 09-23-16,img13236.png,,,108.91097259521484,528.1732788085938,170.2703094482422,580.8031616210938,,
labeled-data,2024-11-04 09-23-16,img13875.png,628.5755449608491,384.52383298662016,635.5114160813041,420.6381964069202,630.2497207485451,486.1702200967361,,
labeled-data,2024-11-04 09-23-16,img14479.png,466.4203934998615,240.69714293294817,494.66658772684946,235.28006458804634,568.5710137180096,221.1569674745524,643.2493080441558,176.4660711291126
labeled-data,2024-11-04 09-23-16,img15524.png,,,355.71923578216877,154.62951755478917,289.6174743811624,211.95670885831686,279.96544727393575,293.560210764869
labeled-data,2024-11-04 09-23-16,img17924.png,1088.1996693921744,301.969417513011,1088.5530895766562,324.41159922760414,1083.0750767171885,425.48977198939383,1081.6613959792612,508.3668052503717
labeled-data,2024-11-04 09-23-16,img18121.png,1020.47314453125,579.2529296875,997.7921752929688,562.3610229492188,925.2267109726655,535.1956540195862,885.6850764410948,458.1730566452411
labeled-data,2024-11-04 09-23-16,img19483.png,,,751.1358087836289,156.71188654121337,,,889.6704247310782,109.91788759777859
labeled-data,2024-11-04 09-23-16,img21863.png,185.47603776681555,630.6867211989139,163.86864714116012,605.4101510330529,166.92629675799816,538.3457027704053,229.09850563370483,491.25789867109955
labeled-data,2024-11-04 09-23-16,img24934.png,,,901.2304754707478,457.6819330433781,933.9827770498785,409.6960028227913,,
labeled-data,2024-11-04 09-23-16,img25418.png,119.08205992513854,584.0290784805851,149.26955612242733,577.1675342759521,,,,
labeled-data,2024-11-04 09-23-16,img25707.png,311.6261901855469,529.4722900390625,291.4950866699219,529.6976928710938,185.0199432373047,550.3687133789062,94.08740498004448,558.3907287872076
labeled-data,2024-11-04 09-23-16,img27304.png,335.91713178954905,532.3400580452031,356.589165856005,538.9910603100628,,,540.4803906384784,523.7117307826824
labeled-data,2024-11-04 09-23-16,img30951.png,1100.1209716796875,314.6924743652344,1103.552734375,338.3730163574219,1094.5111083984375,430.92401123046875,,
labeled-data,2024-11-04 09-23-16,img32144.png,349.4861932545747,526.3729543045728,338.89120453444195,515.9409654109036,,,,
labeled-data,2024-11-04 09-23-16,img33261.png,,,128.44940264498962,512.879127923,,,,
labeled-data,2024-11-04 09-23-16,img34316.png,484.01468540843075,618.0696187365509,507.84312732939645,595.4476802039885,574.5024395386802,548.6956739033598,631.5097246407372,480.2266066114711
labeled-data,2024-11-04 09-23-16,img37213.png,617.8017590657956,225.7940374918822,639.3605965386554,214.6361253282874,705.2113037109375,170.77468872070312,,
labeled-data,2024-11-04 09-23-16,img39568.png,,,,,517.8343313438565,199.24624949395428,,
labeled-data,2024-11-04 09-23-16,img42299.png,1148.1400146484375,589.5140991210938,1147.516845703125,563.4677734375,1096.4215087890625,495.0366516113281,1019.7962837241084,502.88132137770987
labeled-data,2024-11-04 09-23-16,img43362.png,1006.8466479479224,430.8155094969614,1008.1993941712838,410.2988584426483,970.9988730288479,326.42859259424745,,
labeled-data,2024-11-04 09-23-16,img43721.png,1107.0095005159758,284.1600869408575,1123.9005479536224,312.7810284324253,1103.9597280619564,406.620180863795,1081.672929359506,484.2720795007534
labeled-data,2024-11-04 09-23-16,img45368.png,469.07840881956025,556.8913965797203,503.996932391506,563.1189039683476,556.4859232385072,539.3209293046648,,
labeled-data,2024-11-04 09-23-16,img45482.png,477.91253662109375,518.2073364257812,496.5758866910624,490.2990230136499,532.0075073242188,434.6164245605469,,
labeled-data,2024-11-04 09-23-16,img46656.png,,,146.67829863111956,511.5777690942782,174.673047190916,574.0378495020888,,
labeled-data,2024-11-04 09-23-16,img54041.png,,,1052.3483836921532,400.0950547862768,983.4923730953296,458.64121853940753,911.0574326692742,501.6831996456066
labeled-data,2024-11-04 09-23-16,img55028.png,,,694.2092500751208,264.72633361215094,749.9643309028502,317.5108568547964,,
labeled-data,2024-11-04 09-23-16,img55771.png,518.3214499268371,274.1353591677581,545.1120993408996,271.0807258485275,635.0022457581558,270.51328342293084,,
labeled-data,2024-11-04 09-23-16,img57112.png,352.540047622862,552.6787230162714,,,,,520.4207894224648,465.9476508472516
labeled-data,2024-11-04 09-23-16,img57282.png,535.9759521484375,243.0480776686741,522.8836031813694,267.6650081483988,517.4381694041032,357.06393353312563,,
labeled-data,2024-11-04 09-23-16,img57629.png,,,,,,,,
labeled-data,2024-11-04 10-42-19,img00364.png,,,,,,,,
labeled-data,2024-11-04 10-42-19,img00641.png,938.3026235863035,568.6247639009717,942.5924134117377,541.2773537638298,924.0926947895533,458.96701148831403,,
labeled-data,2024-11-04 10-42-19,img02818.png,,,,,926.440410995684,506.1970185884546,,
labeled-data,2024-11-04 10-42-19,img07443.png,1151.5476210848146,185.13007554991168,1128.168571208772,201.9266744899812,1067.5646263844671,264.80042998186303,1017.1748295642584,344.92474654732973
labeled-data,2024-11-04 10-42-19,img08011.png,477.07044264735583,137.52318847718155,497.86434574294344,146.48056211835774,586.7982697517643,132.88454855585817,,
labeled-data,2024-11-04 10-42-19,img12139.png,383.8190980574712,142.7414984355696,356.03295941545525,155.9033535817877,320.9346790255404,229.02477106077708,275.9650072759619,307.6302948506907
labeled-data,2024-11-04 10-42-19,img15434.png,578.5947086117861,255.76749754262514,600.5920683700488,257.15680447472596,691.8232235780013,306.24564940895414,775.1816395040491,349.31416430407893
labeled-data,2024-11-04 10-42-19,img16631.png,719.9529612841138,374.98508314197136,726.4363936339175,403.75531419422543,698.0713771035262,483.177360479321,643.7726311739201,549.4299348038778
labeled-data,2024-11-04 10-42-19,img17331.png,1055.5080205054799,191.12700673542184,1061.7538082484768,220.4822091275078,1072.3716474115718,317.2919191439614,,
labeled-data,2024-11-04 10-42-19,img21748.png,259.15998337757225,94.10448292684703,255.95939800000235,126.98322362370175,257.70517184231323,218.9273126520743,240.24743341920453,310.2894770663432
labeled-data,2024-11-04 10-42-19,img23182.png,569.909019120616,310.2974899550087,594.4351612333603,298.78086670206784,692.7530004853181,317.3354263873614,783.6063617029624,300.7003039108913
labeled-data,2024-11-04 10-42-19,img28568.png,137.86535573252237,258.0581782814409,129.48838334258568,232.39256074631567,168.16504310037857,150.58340485310387,,
labeled-data,2024-11-04 10-42-19,img32314.png,,,,,203.67925791663123,501.2576363704916,278.94557030833755,443.63186594559136
labeled-data,2024-11-04 10-42-19,img35328.png,312.80681378628157,192.9499846076876,322.78331718357117,165.2186870287809,,,,
labeled-data,2024-11-04 10-42-19,img37380.png,1242.898496618579,490.5351726458871,1221.4556409428653,470.646147091602,1147.1825611385818,496.4397271073155,1050.8450936100132,536.5285442401714
labeled-data,2024-11-04 10-42-19,img45245.png,,,905.7049880899485,138.79632175098303,,,,
labeled-data,2024-11-04 10-42-19,img48852.png,192.47498727039908,372.40764457760895,195.78982486277994,406.1409918412494,208.07422299925014,462.8832118049451,,
labeled-data,2024-11-04 10-42-19,img54189.png,381.26501188413465,69.66023680167908,353.16658385496885,94.92520990353407,336.1658542911038,132.70460893434523,306.41457755434,223.61128785223468
labeled-data,2024-11-04 10-42-19,img55889.png,658.1071428707444,168.5019605426166,639.0955743262073,151.68403452244905,545.0126838365743,144.8593688910767,,
labeled-data,2024-11-04 10-42-19,img56401.png,,,,,,,,
labeled-data,299K1S1,img0299.png,1691.827741618363,210.3602840386227,1670.0055685894772,245.71220434541783,1594.9372933701097,384.5012248091321,,
labeled-data,299K1S1,img0316.png,1557.1827368786737,229.25519195351245,1576.4383544921875,240.0469512939453,1630.4387682270906,358.4335005523642,1630.3820554936915,529.3913340123086
labeled-data,299K1S1,img0459.png,1611.8687541011789,474.21265799018414,1616.7838843823447,436.5299925012462,1646.2746660693397,293.99121434743756,,
labeled-data,299K1S1,img0811.png,1695.0461659559126,243.45074170633637,1682.9125807429928,265.6956479300227,,,,
labeled-data,299K1S1,img1091.png,1424.371826171875,824.5325927734375,1454.1826171875,821.1847534179688,1592.9346483299894,751.1758495153033,1580.6838624390757,654.8747946978757
labeled-data,299K1S1,img1173.png,1745.068115234375,876.1514892578125,1721.601806640625,856.9295654296875,1595.037109375,771.969482421875,1663.7430135688187,654.3825005777779
labeled-data,299K1S1,img1664.png,1669.4278934595563,237.66721478108826,1663.90234375,260.5353088378906,1602.868408203125,409.68157958984375,,
labeled-data,299K1S1,img1863.png,1537.3261053362262,466.6564278105632,1574.1198885939352,444.0481995437782,1644.6043649550886,313.7184130646646,,
labeled-data,299K1S1,img2102.png,1499.8713547354819,101.28250633560256,1498.9253463968475,154.57430941200852,1419.7759820644337,281.65476290189963,1354.5014066986585,400.8518135698372
labeled-data,299K1S1,img2426.png,1632.21630859375,559.3013305664062,1627.3984375,526.5230712890625,,,,
labeled-data,299K1S1,img2549.png,1735.9026848508804,465.7514588674888,1727.7519318462694,500.6029544734121,1591.4376143553595,511.283251513937,,
labeled-data,299K1S1,img2662.png,1633.0738737683141,382.65038463008113,1628.878532440457,346.6403715659751,,,,
labeled-data,299K1S1,img3540.png,479.0949269484896,270.37388059653625,529.4200845930196,275.90716259054653,,,786.1260282355597,337.871891633697
labeled-data,299K1S1,img3579.png,,,,,740.585693359375,229.58876037597656,,
labeled-data,299K1S1,img3607.png,820.5651499135051,490.7353562872803,804.286494347245,454.4214323317772,772.0422342833069,316.678962155731,806.1648007587366,191.77158579154366
labeled-data,299K1S1,img3833.png,1630.0098178832395,392.4302371152382,1628.3188851040377,427.09435908887156,1637.1962821948464,577.1646432430161,1541.235846975154,694.6844713975294
labeled-data,299K1S1,img3888.png,1698.3319015476623,185.90484049486832,1672.827880859375,220.96034240722656,1612.2168965413998,359.8100238639952,,
labeled-data,299K1S1,img4279.png,721.0413208007812,309.0435791015625,739.0526733398438,329.6060485839844,809.266357421875,459.8024597167969,,
labeled-data,299K1S1,img4367.png,,,,,730.968752557771,274.16294596279033,810.1021257084727,400.0106720349668
labeled-data,299K1S1,img4907.png,967.278564453125,917.481201171875,996.558349609375,900.5830078125,1118.2314453125,802.2462768554688,1177.7087457225748,669.5059846438345
labeled-data,299K1S1,img4922.png,860.1602783203125,893.2005004882812,890.9271240234375,900.0875854492188,1046.6151123046875,901.9205932617188,1148.6296673962738,829.2540498200729
labeled-data,299K1S1,img5013.png,533.5196614605075,849.2352297241,,,,,839.8790393022155,880.342131972683
labeled-data,299K1S1,img5218.png,325.64542009206457,690.0737547175058,315.408421645006,722.3842810660342,323.72598288324104,862.5031973101477,335.24260613618185,950.7973089160275
labeled-data,299K1S1,img5680.png,1701.841796875,117.10537719726562,1694.6009521484375,145.24644470214844,1638.201705102459,297.44036202926634,,
labeled-data,299K1S1,img5842.png,1497.7044391157938,513.039895474995,1475.7216894476014,478.1261165902188,1473.3941041886162,378.2985710381923,,
labeled-data,299K1S1,img5887.png,1418.483301657965,761.053765784737,1451.7352662565354,741.4755062547376,1556.7741824651036,640.1657823375979,1625.1427078079587,519.8993309390302
labeled-data,299K1S1,img6014.png,,,,,734.09683623418,853.1507710016749,858.9719842463392,883.0713510204298
labeled-data,299K1S1,img6382.png,1175.354338327975,921.4375973698634,1124.6263549519263,905.9655624401685,1009.7274726051754,880.0942909183835,,
labeled-data,299K1S1,img6666.png,409.21200241097563,247.94309309181597,446.030921155943,243.45298104974677,,,,
labeled-data,299K1S1,img6764.png,495.10382080078125,386.3975524902344,491.759765625,350.4210510253906,482.6068840321642,229.10516603735016,,
labeled-data,299K1S1,img6793.png,534.321044921875,352.2260437011719,516.6376342773438,341.3246154785156,486.99896240234375,226.8824920654297,,
labeled-data,299K1S1,img7504.png,,,,,911.2272757739988,463.7049731957958,792.5265682992404,529.8742416197304
labeled-data,299K1S1,img7873.png,825.6029052734375,526.232666015625,804.9765014648438,486.3153381347656,797.568115234375,372.6238708496094,,
labeled-data,299K1S1,img7965.png,1041.857739174141,727.1004199925736,1083.3424072265625,687.76220703125,1120.2227783203125,557.8372802734375,1144.7753626701199,426.25439855529015
labeled-data,299K1S1,img8144.png,1557.33251953125,814.0494384765625,1516.09814453125,815.2312622070312,1355.9310302734375,810.5108032226562,,
labeled-data,299K1S1,img8187.png,1787.2710301830236,861.3078906387958,1743.009722165273,861.3078906387958,1587.6495604653826,850.3168275739852,1459.9155843067729,763.5765460895338
labeled-data,299K1S1,img8319.png,1720.1709432116988,133.3682757271548,1693.6347237997143,161.52916163375056,1632.9805080008928,311.5400346361935,1612.4013990691499,461.0093521404327
labeled-data,299K1S1,img8443.png,1293.6845642972748,128.1715365869231,1344.4125476733238,147.3659086751578,1452.380890669644,206.32005151759296,1608.3351638865508,199.12216198450494
labeled-data,299K1S1,img8669.png,397.22332763671875,321.99420166015625,420.9740905761719,295.6228332519531,,,,
labeled-data,299K1S1,img8709.png,453.7721542343967,211.73345855799218,478.1809974066018,230.9118353361534,,,,
labeled-data,511K1S1,img0293.png,1369.4794921875,128.9958038330078,1400.169921875,144.9169158935547,1475.250244140625,240.4716339111328,,
labeled-data,511K1S1,img0628.png,271.0206298828125,775.4082641601562,298.9659423828125,806.2027587890625,402.1968078613281,829.0122680664062,,
labeled-data,511K1S1,img0725.png,,,,,507.68316775436915,289.48843833598505,,
labeled-data,511K1S1,img0897.png,1144.1311661343223,147.4364569236514,1104.87606358652,150.08058300200076,1001.1449635897375,193.60696613790574,,
labeled-data,511K1S1,img1324.png,900.173095703125,666.7632446289062,886.6632080078125,709.3662109375,852.3604125976562,796.5187377929688,,
labeled-data,511K1S1,img1424.png,1120.645864914021,541.3915387475595,1108.8093354596097,578.8205643196172,1041.9489393522588,669.3540193357909,915.2660835699097,719.2593867652012
labeled-data,511K1S1,img1518.png,900.1199119521658,165.25400751703393,930.7280803000115,164.38569068447094,1057.9364962704908,181.96910654387165,,
labeled-data,511K1S1,img1546.png,,,,,732.8274536132812,189.2072296142578,849.9254243413043,169.8868401881837
labeled-data,511K1S1,img2005.png,509.57216931568905,367.52914487675923,501.7527477340296,398.806831203397,511.7292511313192,513.941073112658,495.82077274104654,622.3344343480749
labeled-data,511K1S1,img2754.png,1080.4356433777073,609.8074102082322,1067.1915266368253,644.914830775332,968.596435343593,730.8964775534386,868.1093273730918,760.748296239236
labeled-data,511K1S1,img2804.png,939.173137860872,583.3883218997148,968.662353515625,608.1075439453125,1002.6018154464819,726.0719643566714,,
labeled-data,511K1S1,img3445.png,1519.1298828125,254.8423309326172,1536.0843505859375,276.0272216796875,1580.9286173165128,411.0059153660778,,
labeled-data,511K1S1,img3560.png,813.9550170898438,154.03823852539062,837.552001953125,154.86492919921875,964.23095703125,161.35768127441406,1074.3359135906412,178.9423256195433
labeled-data,511K1S1,img3673.png,,,,,,,,
labeled-data,511K1S1,img3686.png,509.511474609375,293.8647766113281,509.0106506347656,270.78564453125,,,,
labeled-data,511K1S1,img3819.png,789.1741870859709,781.3421208562468,754.6563079472954,791.5836893918977,,,,
labeled-data,511K1S1,img3929.png,1039.922119140625,892.6416625976562,1013.618408203125,850.658447265625,918.3881627569078,809.4484618028569,,
labeled-data,511K1S1,img4066.png,1367.9051924077044,760.174826022434,1343.5504070675947,786.0207206690807,,,,
labeled-data,511K1S1,img4198.png,1562.2781869417595,214.46101970863393,1527.6780462084203,223.49836990017778,1416.6477438551674,284.9523512026759,1377.3998230233196,410.44241386239895
labeled-data,511K1S1,img4313.png,,,1623.9381930453374,187.95787340931193,1488.8126355109243,185.34393539922786,1407.0671057976165,281.22032531398304
labeled-data,511K1S1,img4553.png,1359.004265860334,307.1708880151839,1376.4391538404807,274.29367068119336,1446.4277755893545,168.43899365887518,1557.263849177429,143.78108065838222
labeled-data,511K1S1,img4722.png,1368.8487565360206,739.8297211268468,1399.3266773589817,711.6962557518057,1361.81539019226,597.990166527681,1336.026380265139,460.0580376750487
labeled-data,511K1S1,img4854.png,1420.113132455491,836.0833561461689,1409.9514986627923,811.2988834810501,1369.5528082186486,668.7881656566167,1350.220919539856,558.99295175014
labeled-data,511K1S1,img4928.png,1429.06298828125,366.6792907714844,1421.06494140625,399.279541015625,1390.62451171875,525.5474243164062,,
labeled-data,511K1S1,img4972.png,1591.403596900922,102.75854872520539,1556.4241388144103,92.99683949176031,1448.2318614770606,179.42863999622193,,
labeled-data,511K1S1,img5092.png,,,,,,,,
labeled-data,511K1S1,img5505.png,1494.054443359375,292.42669677734375,1489.4913330078125,263.8938903808594,1486.5753173828125,147.13893127441406,,
labeled-data,511K1S1,img5595.png,1550.5745849609375,678.2655639648438,1522.1082763671875,692.5773315429688,1381.4586848522688,646.7771177169207,1332.995093426904,547.8576332457195
labeled-data,511K1S1,img6133.png,,,,,1365.5369081624199,173.13325155836816,1478.5780494963449,173.7981994485677
labeled-data,511K1S1,img6216.png,506.35190941352573,226.56354881782255,,,,,,
labeled-data,511K1S1,img6385.png,272.6240539550781,844.2138061523438,294.3895263671875,842.258056640625,415.0624084472656,817.0030517578125,,
labeled-data,511K1S1,img6447.png,228.1724009430125,802.8319570426906,251.24677824622606,807.4934474069762,364.75406861657973,847.3491900216178,,
labeled-data,511K1S1,img6947.png,,,1159.7587796162372,185.77320258733027,1082.0718436334034,287.2543048266864,,
labeled-data,511K1S1,img7094.png,1593.9913330078125,425.2651062011719,1578.029541015625,394.74249267578125,1505.958306792003,282.89872448450046,,
labeled-data,511K1S1,img7533.png,504.22243160703755,558.1712588270944,489.3422231500632,528.2097580150786,510.65711634518857,408.7659225631495,504.2224316070375,316.4684133502951
labeled-data,511K1S1,img8010.png,1608.4429345732158,96.66808305983677,1566.7820069645616,86.73728054847155,1468.9272700233041,182.4120852311367,,
labeled-data,511K1S1,img8139.png,1768.469640873977,223.82741278824716,,,,,,
labeled-data,511K1S1,img8416.png,749.8421020507812,179.64627075195312,775.6786499023438,172.3817138671875,891.169189453125,153.8981475830078,,
labeled-data,511K1S1,img8638.png,381.6533067955061,591.9478695960765,390.35475547550584,554.3451806575063,440.3880853855044,443.09094396322394,480.16613649407464,362.9133096975121
labeled-data,511K1S1,img8801.png,,,,,469.0872497558594,818.633544921875,,
labeled-data,534K1S1,img0191.png,921.9309191120979,731.2059970860607,885.2216824933491,754.6299861665957,753.4180424431745,832.2438007319504,,
labeled-data,534K1S1,img0332.png,470.0213110435132,258.87782986175415,,,,,763.2694884350856,237.23726166037113
labeled-data,534K1S1,img0651.png,1696.5568281630192,250.4640736703359,1665.5716275062975,219.73708301908687,1505.2232141077627,194.17429247729143,1389.8033416614742,236.26252336933848
labeled-data,534K1S1,img1068.png,241.4856528415985,408.89976789027827,225.1224506363784,438.01351726839715,201.32142924696734,571.8942625838343,201.74644748606397,663.4856931091572
labeled-data,534K1S1,img1255.png,1351.4224853515625,431.46014404296875,1360.2955322265625,391.61151123046875,1404.920166015625,259.61846923828125,1329.014676281658,180.82752842759663
labeled-data,534K1S1,img1300.png,1592.0675885000835,862.5853958121994,1550.936791168152,857.3206537537121,1397.9302250933667,807.6346505767387,1357.7865668974016,691.4812789113643
labeled-data,534K1S1,img1314.png,1764.8492431640625,798.0469970703125,1723.0438232421875,810.0638427734375,1571.61279296875,857.3814086914062,1457.71474342965,810.7725328645985
labeled-data,534K1S1,img1515.png,473.5613206421974,267.6695536459794,,,655.2623103238187,249.10099549436688,763.7256198238201,251.73569004622348
labeled-data,534K1S1,img1546.png,200.5707052648168,289.91709452781095,220.20701192308326,273.4650538141283,271.9513335225692,251.70590319280598,310.42788035295615,285.6714066016993
labeled-data,534K1S1,img2119.png,303.607421875,262.6129150390625,253.39138793945312,261.1441955566406,186.87325156208965,276.0786272754727,109.72094405519867,327.5706557854336
labeled-data,534K1S1,img2189.png,,,517.3636173850741,607.4682891962218,,,,
labeled-data,534K1S1,img2601.png,1075.3072864629644,271.112614121407,1018.1579156924197,258.5500696469758,,,789.7328978114073,173.4063740413173
labeled-data,534K1S1,img2747.png,1633.5681242794976,399.7677711639851,1605.9693592697718,382.6230838094583,1513.55531279781,266.7919033898505,1464.2120662652699,161.414800625442
labeled-data,534K1S1,img2924.png,752.9729614257812,604.4270629882812,752.2305908203125,568.1143188476562,773.993778125671,415.4553146067766,821.0663805043712,305.06065127130313
labeled-data,534K1S1,img3134.png,1602.2623291015625,625.9939575195312,1589.9019775390625,652.73388671875,1505.229736328125,775.17626953125,,
labeled-data,534K1S1,img3463.png,,,859.82421875,206.43880819648749,715.0158081054688,245.05477905273438,,
labeled-data,534K1S1,img3583.png,1645.946365757647,93.76496741463356,1620.6852010629525,132.9763275377416,1496.2645391338597,208.75982162182538,1389.5643957219406,225.34924321237114
labeled-data,534K1S1,img3727.png,,,1326.6188266195986,194.70963265500941,1461.2947673501199,177.51695937026204,1569.1397179544444,143.91309795007393
labeled-data,534K1S1,img4071.png,437.33489990234375,826.9921264648438,422.9421081542969,799.1357421875,407.32391044130566,660.1817458700668,388.20128387895136,573.0925409863419
labeled-data,534K1S1,img4113.png,172.2157745361328,970.0674438476562,193.85337829589844,924.7175903320312,272.38250732421875,862.17919921875,357.8463572356653,830.033543876005
labeled-data,534K1S1,img4457.png,1170.9990393292942,805.3806371820631,1135.352348308287,790.8249050151518,1089.0116499809774,630.1177396621104,1066.732468092848,515.1571611193617
labeled-data,534K1S1,img4635.png,1348.2958984375,254.31439208984375,1360.140869140625,272.96966552734375,1370.847412109375,427.52093505859375,1358.9516865354203,549.9828470561301
labeled-data,534K1S1,img4924.png,926.9739654708292,208.12929750448887,874.3985558477357,212.54739915348836,,,,
labeled-data,534K1S1,img5623.png,1165.2020327627117,804.1692437988661,1144.1887654146872,817.4407810713027,1029.168775720237,773.755304216199,,
labeled-data,534K1S1,img5741.png,1089.7061767578125,649.8638916015625,1051.8843994140625,637.63623046875,957.1682739257812,726.4197387695312,887.7204640534512,817.8255018002067
labeled-data,534K1S1,img6122.png,507.5131530761719,440.7774658203125,494.1870422363281,458.65924072265625,387.6244812011719,559.5490112304688,287.37886852389613,626.1671339854307
labeled-data,534K1S1,img6292.png,1067.3227002593587,370.58399147972256,1104.8714063991683,330.85654202712846,,,,
labeled-data,534K1S1,img6572.png,1411.886962890625,224.2872772216797,1372.662353515625,214.9378662109375,,,,
labeled-data,534K1S1,img6726.png,1767.5647561442959,176.01032069375995,1717.4489360367736,158.9898534874316,1558.9064359481963,124.31853140046641,1450.4797559671417,147.64287534987932
labeled-data,534K1S1,img6855.png,,,828.1473496215524,338.285363910442,935.325067291381,245.12867804220951,1052.7215030538982,238.23698444481477
labeled-data,534K1S1,img7092.png,909.6495971679688,118.14189910888672,870.9564819335938,143.3650360107422,,,,
labeled-data,534K1S1,img7202.png,165.0613036751538,284.5157272950519,211.07421597083095,270.18383658000494,367.59354877989676,260.75496110957926,467.9167837852257,268.6752165047368
labeled-data,534K1S1,img7587.png,783.7191956669469,546.2782762108227,774.9720461010228,595.9779896535733,776.5624369311909,706.5101523502506,779.7432185915269,820.6206944148057
labeled-data,534K1S1,img7794.png,842.2108764648438,507.9356384277344,863.3192138671875,537.0413818359375,1007.9741821289062,619.0050048828125,1105.74723441775,650.3145163092115
labeled-data,534K1S1,img7887.png,897.1723022460938,679.530029296875,892.2404174804688,652.9928588867188,979.5980224609375,555.7450561523438,1093.659454168061,588.8074684908864
labeled-data,534K1S1,img8080.png,886.6348464304247,380.28955087327415,914.4392654268104,362.64443881787554,1070.8391222814798,352.752482059546,1150.7768268960886,280.30058255934864
labeled-data,534K1S1,img8476.png,870.771453466092,719.4627612666968,830.523625029475,717.2806500863984,794.3975621556442,589.9908312356521,796.5796733359427,474.09648188202027
labeled-data,534K1S1,img8486.png,942.5020751953125,686.7971801757812,903.7854614257812,711.6582641601562,781.1000366210938,678.8731079101562,726.2956088489298,563.0389607371324
labeled-data,534K1S1,img8922.png,806.0018725303274,430.3358598348751,846.3237641813976,456.82180827234276,913.9222295964271,572.2531059401123,839.2081362429734,669.5000210985756
labeled-data,534K1S1,img8948.png,1048.0916662657264,672.2054221435264,1039.998039368521,636.1519932377923,1053.977940372785,476.4868080838266,1132.3389644230033,419.46352767169594
labeled-data,534K2S1,img0026.png,1059.5943603515625,687.5291748046875,1041.618896484375,657.0372924804688,1087.6624755859375,514.596435546875,1183.3083276758618,571.2719125573824
labeled-data,534K2S1,img0146.png,,,1029.4040964369942,175.90644123519837,889.4725538251707,212.34375758269726,784.4473478823799,259.19173574376725
labeled-data,534K2S1,img0276.png,1696.9596047874786,75.64651610127339,1663.0439397203577,120.14137944621203,1520.2247629698204,130.7205777240296,,
labeled-data,534K2S1,img0517.png,1712.8137243949684,562.3388282343628,1726.4691491091696,609.3741800277228,1723.8139276369639,750.4802354078024,1632.3984455224502,835.447322518388
labeled-data,534K2S1,img0576.png,1385.1885986328125,630.9794311523438,1410.9815673828125,665.74267578125,1477.9775390625,784.6063842773438,1560.2199430523938,882.7522943262893
labeled-data,534K2S1,img0715.png,1384.1521620517874,113.14450057754487,1402.7021516484886,130.0081274836368,1540.9838922784422,185.6580962737401,1489.2687697664273,287.21460497487146
labeled-data,534K2S1,img1305.png,252.2718274095889,955.1510589085689,269.64958928233,900.8789718290852,379.79786453724256,851.1518378547802,,
labeled-data,534K2S1,img1368.png,,,,,284.6088562011719,813.3035888671875,321.3506577332698,914.1512095512113
labeled-data,534K2S1,img1656.png,856.7647577065042,190.30283032879152,887.9122314453125,194.18841552734375,,,1121.8472437610078,342.0898917010916
labeled-data,534K2S1,img1761.png,819.1445508716728,395.29180661673996,769.764168340335,376.2415143875774,772.3737336437724,353.222946783315,,
labeled-data,534K2S1,img2095.png,,,,,,,,
labeled-data,534K2S1,img2220.png,701.7246598425937,242.87103536245678,661.4347588116706,238.3557878331292,,,,
labeled-data,534K2S1,img2558.png,1735.6750053222495,936.7770177226768,1725.0495493448338,882.587192237857,1702.0277280604332,752.6024474474723,,
labeled-data,534K2S1,img2891.png,1369.539794921875,191.80506896972656,1379.682861328125,211.28346252441406,1388.2808837890625,357.7138366699219,1484.903185787692,420.68944111513633
labeled-data,534K2S1,img3347.png,867.9113454226567,295.4427752802385,908.4663115919411,263.278491766668,1010.9025623471166,184.61584186934903,1120.6806604260416,179.02205343220632
labeled-data,534K2S1,img3590.png,1139.5295711617648,590.7634094981158,1143.2476806640625,625.2457275390625,1097.693115234375,743.760009765625,,
labeled-data,534K2S1,img3596.png,,,1148.3799662422791,657.473996856033,1123.552959963866,755.376719727511,1058.4406227431223,816.273150221732
labeled-data,534K2S1,img3686.png,1014.43408203125,459.1027526855469,1017.6182250976562,504.36444091796875,1064.1122015963233,658.2746473579047,1016.4582417408882,774.1438980692092
labeled-data,534K2S1,img3701.png,975.9402465820312,389.1498718261719,980.6441650390625,427.8829345703125,957.7266845703125,578.3330078125,906.7587598403823,696.4140257498162
labeled-data,534K2S1,img3742.png,878.9400024414062,372.94964599609375,913.6026611328125,403.0777587890625,978.0546264648438,508.3331298828125,888.2405829836764,532.0908479055188
labeled-data,534K2S1,img3789.png,,,851.8542831695447,675.6661028150603,952.9263624798775,561.5167149974693,1025.4056825116295,661.2588985274032
labeled-data,534K2S1,img4242.png,973.8292004921989,539.5523208115868,983.5360686625347,581.8850514433292,1058.2250265287298,715.8937592393545,,
labeled-data,534K2S1,img4725.png,147.7739856974,855.7155283231876,197.58795135496152,840.0241291410557,307.92588528646024,803.6599342110358,412.28614333905165,850.2359921008558
labeled-data,534K2S1,img4755.png,248.75872033203228,282.05474644958065,250.18458797287258,310.57209926638654,259.4527276383345,451.73299570957545,,
labeled-data,534K2S1,img4905.png,375.28216552734375,759.5385131835938,339.5384216308594,741.6246337890625,277.49066162109375,614.3864135742188,,
labeled-data,534K2S1,img5559.png,1042.578369140625,518.4774169921875,1075.9531729768803,485.4289613533033,1109.978271484375,325.7591247558594,1095.8158334491934,211.2671292499427
labeled-data,534K2S1,img5657.png,,,984.8375487745882,359.6354278726403,1132.2754618994893,317.2889869751205,,
labeled-data,534K2S1,img6144.png,1611.6343994140625,300.77142333984375,1596.5146484375,273.9173583984375,1502.0654296875,142.29168701171875,,
labeled-data,534K2S1,img6229.png,1684.5355723001348,847.6123042399379,1662.1649886401565,847.1095944947699,1526.1820025721986,833.5364313752325,1428.6563120095966,770.4463583566419
labeled-data,534K2S1,img6496.png,241.3177947998047,679.00732421875,228.77468872070312,703.906494140625,313.0544738769531,802.0662231445312,415.53859547112165,862.4507091722576
labeled-data,534K2S1,img7106.png,983.5648803710938,811.5786743164062,942.0110473632812,815.8191528320312,793.12548828125,821.039794921875,,
labeled-data,534K2S1,img7419.png,1463.6270892128266,709.831628123259,1511.0074826949156,694.473845408375,1629.6218470673173,616.7046478308774,1747.2559274366413,547.7580062810791
labeled-data,534K2S1,img7539.png,302.8057556152344,741.0907592773438,321.6440734863281,765.8838500976562,448.14599609375,814.9891967773438,,
labeled-data,534K2S1,img7647.png,,,,,907.8267986660347,197.4544912028522,786.7126903210121,184.9017385331191
labeled-data,534K2S1,img7757.png,1621.0576171875,213.06417846679688,1587.2005615234375,210.2833251953125,1424.8148193359375,227.67532348632812,,
labeled-data,534K2S1,img7856.png,,,1739.5481034531213,108.92184121981401,1582.3471976457647,139.3340055585669,1460.9127104621527,124.12792338919047
labeled-data,534K2S1,img8125.png,1191.0518580012545,727.4737239201866,1139.9765478921804,717.82169681296,1023.7500548093267,705.7566629289267,,
labeled-data,534K2S1,img8540.png,1049.461181640625,599.7490844726562,1018.2423706054688,605.2821044921875,901.3990478515625,595.2765502929688,801.0487670898438,567.5657958984375
labeled-data,534K2S1,img8607.png,1122.7617953669208,614.472799365875,1077.4265165299473,607.3891620475979,940.0039525553717,612.3477081703918,821.7072093401443,603.1389796566315
labeled-data,534K2S1,img8682.png,1133.0909423828125,465.75787353515625,1138.1202392578125,509.6715393066406,1128.5068359375,661.8548583984375,1025.1042200599172,724.8563342651677
labeled-data,Basler-HK1,img00236.png,,,,,,,,
labeled-data,Basler-HK1,img01809.png,2397.0761005693703,757.9126806959079,2342.673765965002,725.4467713352367,2115.4124004403034,742.1184545204462,2064.5198938749268,931.6491686259865
labeled-data,Basler-HK1,img07667.png,2609.325770704184,1103.8101337474513,2567.4710713392105,1127.8378315310472,2331.0695286296377,1256.5022777270767,,
labeled-data,Basler-HK1,img07824.png,1936.5437907666187,1371.0023253956397,1999.1747222179558,1296.3599824330872,2111.567215644328,1098.1716924980346,2229.965414826307,960.8984180841451
labeled-data,Basler-HK1,img11003.png,,,,,2536.1548622124637,654.9031275604398,2472.100500500869,849.6985837244672
labeled-data,Basler-HK1,img14902.png,2122.9260160671624,908.1387804972487,2192.1232508081125,903.1665241086773,2449.0231642176286,825.6821953867751,2608.5497233509573,933.4144171391529
labeled-data,Basler-HK1,img15509.png,,,,,,,,
labeled-data,Basler-HK1,img16620.png,2552.165225548472,777.8662480880208,2501.6919484433083,764.8408862544302,2272.9340312408726,635.4013530331232,2127.212795727577,523.057607218404
labeled-data,Basler-HK1,img21809.png,,,,,2572.972600046539,725.4997112414912,2415.4495677521354,870.5092316246577
labeled-data,Basler-HK1,img28623.png,,,,,,,,
labeled-data,Basler-HK1,img29384.png,,,,,2141.7195950419114,1530.226454346275,,
labeled-data,Basler-HK1,img30580.png,2273.7625748970877,384.7910514694802,2211.8043604865575,448.260441841243,2235.9831758662767,591.8221581583255,2282.074042683866,818.4985523431925
labeled-data,Basler-HK1,img33705.png,1920.7087872140096,1120.4039182492397,2003.0873761458388,1190.0106329280725,2118.67283813546,1427.567494033813,2080.35721537647,1640.2192003462098
labeled-data,Basler-HK1,img36945.png,2007.2669866194158,1407.126158039503,1990.4003129875955,1452.6661768454178,,,,
labeled-data,Basler-HK1,img40962.png,1924.4139298712294,554.5413496994977,2022.689114962991,518.5656122998348,2162.204779512903,471.18293377344975,,
labeled-data,Basler-HK1,img41510.png,2166.293005276295,1704.0912459902236,2177.9778077894375,1606.4887779392686,2144.985424222917,1361.1079251632761,2277.6422998132994,1195.4586660063735
labeled-data,Basler-HK1,img41563.png,2148.4888468257377,1219.2293663813366,2160.7732449622076,1272.9736082283937,2079.3891073080927,1517.1260211907393,1967.8058242351547,1373.296193009567
labeled-data,Basler-HK1,img42159.png,,,2223.557660205361,1347.6123554941605,2391.3277068233665,1244.4055009735334,2561.4540743208386,1129.4170420555745
labeled-data,Basler-HK1,img44046.png,,,1981.1312373679898,1589.3825585437871,2140.59442460617,1359.8105562267524,,
labeled-data,Basler-HK1,img44179.png,2201.804004882886,1564.0899577330279,2131.1345922700257,1537.5078850988325,2101.3108034609286,1299.565917861036,2262.099925736061,1217.2263270185288
